Time,Consumption,Type
2011-11-23,7.917428458772893,No holiday
2011-11-24,10.496058685990391,No holiday
2011-11-25,10.420937226900028,No holiday
2011-11-26,11.076105029445475,No holiday
2011-11-27,10.850804892682923,No holiday
2011-11-28,10.059005431117289,No holiday
2011-11-29,9.76196372247939,No holiday
2011-11-30,9.45084741713851,No holiday
2011-12-01,9.830573522244588,No holiday
2011-12-02,10.441296232055477,No holiday
2011-12-03,11.120887575645538,No holiday
2011-12-04,12.240603607207206,No holiday
2011-12-05,11.100212839531858,No holiday
2011-12-06,11.897481023782037,No holiday
2011-12-07,11.476094665368604,No holiday
2011-12-08,11.9636919585276,No holiday
2011-12-09,12.164723490165551,No holiday
2011-12-10,13.023269704214776,No holiday
2011-12-11,13.737107884380078,No holiday
2011-12-12,12.259694902839671,No holiday
2011-12-13,12.149376199848833,No holiday
2011-12-14,12.5555553740992,No holiday
2011-12-15,12.678029684271555,No holiday
2011-12-16,13.53377017380165,No holiday
2011-12-17,13.83461849239768,No holiday
2011-12-18,14.763333895720638,No holiday
2011-12-19,14.251410546715476,No holiday
2011-12-20,12.987548422997948,No holiday
2011-12-21,12.462327853389608,No holiday
2011-12-22,12.050915213599698,No holiday
2011-12-23,12.356097839045278,No holiday
2011-12-24,13.061939305626032,No holiday
2011-12-25,12.992909831342423,No holiday
2011-12-26,11.087861175766184,No holiday
2011-12-27,11.482757255936674,No holiday
2011-12-28,11.87510915971511,No holiday
2011-12-29,12.360319313182185,No holiday
2011-12-30,12.504631183891894,No holiday
2011-12-31,12.450320385436893,No holiday
2012-01-01,12.490754852427184,No holiday
2012-01-02,12.750018813896368,No holiday
2012-01-03,12.812510323851182,No holiday
2012-01-04,12.736465730904374,No holiday
2012-01-05,12.878886569350186,No holiday
2012-01-06,12.740066443362194,No holiday
2012-01-07,12.79142999800847,No holiday
2012-01-08,13.39201297593694,No holiday
2012-01-09,12.441017818116991,No holiday
2012-01-10,12.013204945127704,No holiday
2012-01-11,11.972228275471943,No holiday
2012-01-12,12.102399919876676,No holiday
2012-01-13,12.533112380490843,No holiday
2012-01-14,13.540396613294122,No holiday
2012-01-15,14.071020477227483,No holiday
2012-01-16,13.116076136132472,No holiday
2012-01-17,13.263921514857737,No holiday
2012-01-18,12.785717535020282,No holiday
2012-01-19,12.33834258461744,No holiday
2012-01-20,12.894337156134483,No holiday
2012-01-21,12.861861905137816,No holiday
2012-01-22,13.691005072857363,No holiday
2012-01-23,12.73462236970706,No holiday
2012-01-24,12.933625889698837,No holiday
2012-01-25,12.623898982919023,No holiday
2012-01-26,12.395516942951884,No holiday
2012-01-27,12.545277590158069,No holiday
2012-01-28,13.389389266977444,No holiday
2012-01-29,14.121705983847548,No holiday
2012-01-30,13.50776226989298,No holiday
2012-01-31,13.997276281640174,No holiday
2012-02-01,13.871782338720656,New Years Day (substitute day)
2012-02-02,14.505374681073915,No holiday
2012-02-03,14.662771814143465,No holiday
2012-02-04,15.179474733948023,No holiday
2012-02-05,15.888974864951177,No holiday
2012-02-06,14.18372319763889,No holiday
2012-02-07,13.942419752461957,No holiday
2012-02-08,15.228877236713672,No holiday
2012-02-09,14.44686230487709,No holiday
2012-02-10,14.727471571223608,No holiday
2012-02-11,14.868814402392095,No holiday
2012-02-12,15.861705817129996,No holiday
2012-02-13,14.324986882806122,No holiday
2012-02-14,13.649670828143233,No holiday
2012-02-15,13.106215615572358,No holiday
2012-02-16,12.608609405729805,No holiday
2012-02-17,12.421755817802886,No holiday
2012-02-18,12.94778648003467,No holiday
2012-02-19,13.729725784720326,No holiday
2012-02-20,13.45894422529087,No holiday
2012-02-21,12.7485222984197,No holiday
2012-02-22,12.983606521127111,No holiday
2012-02-23,11.665376880525152,No holiday
2012-02-24,11.566802279512236,No holiday
2012-02-25,11.810325323279171,No holiday
2012-02-26,12.4273097225589,No holiday
2012-02-27,12.220480303819777,No holiday
2012-02-28,11.525683063708431,No holiday
2012-02-29,11.50713499033944,No holiday
2012-03-01,11.18711242026035,No holiday
2012-03-02,11.8014775995753,No holiday
2012-03-03,12.095017290682032,No holiday
2012-03-04,13.334899496120151,No holiday
2012-03-05,12.671301510193697,No holiday
2012-03-06,13.035225492606088,No holiday
2012-03-07,12.717167383630995,No holiday
2012-03-08,11.992868464962989,No holiday
2012-03-09,12.103507698423972,No holiday
2012-03-10,11.848862313454283,No holiday
2012-03-11,11.932347497494552,No holiday
2012-03-12,10.973284301150583,No holiday
2012-03-13,10.98115532551118,No holiday
2012-03-14,10.992545736631875,No holiday
2012-03-15,10.989770493232612,No holiday
2012-03-16,11.338203757147888,No holiday
2012-03-17,11.7801714699894,No holiday
2012-03-18,12.072808901161675,No holiday
2012-03-19,11.106862287390385,No holiday
2012-03-20,10.735305866256654,No holiday
2012-03-21,10.425975843420195,No holiday
2012-03-22,10.257913226250794,No holiday
2012-03-23,10.24684480478852,No holiday
2012-03-24,10.234515221523193,No holiday
2012-03-25,10.688015458017215,No holiday
2012-03-26,10.020584616396349,No holiday
2012-03-27,9.59220786893038,No holiday
2012-03-28,9.539829334875805,No holiday
2012-03-29,9.342395945584553,No holiday
2012-03-30,9.323063613187673,No holiday
2012-03-31,10.411475450475075,No holiday
2012-04-01,10.718467061813625,No holiday
2012-04-02,10.025239355169722,No holiday
2012-04-03,10.231323078940427,No holiday
2012-04-04,10.328897842667462,No holiday
2012-04-05,10.72721962465958,No holiday
2012-04-06,10.542734278463833,Spring bank holiday (substitute day)
2012-04-07,10.302210629703143,No holiday
2012-04-08,10.631985172139895,No holiday
2012-04-09,10.63917706539711,No holiday
2012-04-10,9.995375002540593,No holiday
2012-04-11,10.162921991548467,No holiday
2012-04-12,10.209194135972592,No holiday
2012-04-13,10.10973939267833,No holiday
2012-04-14,10.331636049820856,No holiday
2012-04-15,11.143506836287742,No holiday
2012-04-16,10.576555003634144,No holiday
2012-04-17,10.753864095794585,No holiday
2012-04-18,10.9125364675387,No holiday
2012-04-19,10.8131423287401,No holiday
2012-04-20,10.386389354222388,No holiday
2012-04-21,10.302654070822395,No holiday
2012-04-22,10.689837526951036,No holiday
2012-04-23,10.331964396399906,No holiday
2012-04-24,10.133304955900616,No holiday
2012-04-25,10.602800789974136,No holiday
2012-04-26,10.00213781473838,No holiday
2012-04-27,9.781488395726717,No holiday
2012-04-28,10.731633453139542,No holiday
2012-04-29,11.553172726267764,No holiday
2012-04-30,9.456311255032372,No holiday
2012-05-01,9.31417894970484,No holiday
2012-05-02,9.372686648110928,No holiday
2012-05-03,10.096116545683444,No holiday
2012-05-04,10.04400792567073,No holiday
2012-05-05,10.24765073655104,No holiday
2012-05-06,10.621041688474508,Queens Diamond Jubilee (extra bank holiday)
2012-05-07,10.52598225988845,No holiday
2012-05-08,9.37528830930669,No holiday
2012-05-09,9.571171221240244,No holiday
2012-05-10,9.285920035292657,No holiday
2012-05-11,8.820294739372313,No holiday
2012-05-12,9.177460260422444,No holiday
2012-05-13,9.487224466397482,No holiday
2012-05-14,9.2839355091835,No holiday
2012-05-15,9.55706216424473,No holiday
2012-05-16,9.068537291435458,No holiday
2012-05-17,8.923519185849623,No holiday
2012-05-18,9.015865421484332,No holiday
2012-05-19,9.028980845238776,No holiday
2012-05-20,9.791595062039365,No holiday
2012-05-21,8.933349719501916,No holiday
2012-05-22,8.345919726394477,No holiday
2012-05-23,8.138258054732516,No holiday
2012-05-24,8.047905889582534,No holiday
2012-05-25,8.065439323841513,No holiday
2012-05-26,8.164662747938292,No holiday
2012-05-27,8.474501716302573,No holiday
2012-05-28,8.184093537545946,No holiday
2012-05-29,8.091429198956176,No holiday
2012-05-30,8.035467901985307,No holiday
2012-05-31,8.147146836083555,No holiday
2012-06-01,8.206329552709436,No holiday
2012-06-02,8.493569352174797,No holiday
2012-06-03,9.332106723048614,No holiday
2012-06-04,8.864973303474844,Good Friday
2012-06-05,9.274521791938318,No holiday
2012-06-06,8.507815774618585,No holiday
2012-06-07,8.823067358961875,No holiday
2012-06-08,8.873639044056972,No holiday
2012-06-09,8.619032799224941,No holiday
2012-06-10,9.153388696269694,No holiday
2012-06-11,9.518249480864409,No holiday
2012-06-12,9.217339817590291,No holiday
2012-06-13,8.58973485237045,No holiday
2012-06-14,8.569291012046683,No holiday
2012-06-15,8.627486497893234,No holiday
2012-06-16,8.871621418007201,No holiday
2012-06-17,8.962284337121007,No holiday
2012-06-18,8.376310403820641,No holiday
2012-06-19,8.161806465599035,No holiday
2012-06-20,8.071706002080134,No holiday
2012-06-21,8.436621473216746,No holiday
2012-06-22,8.489051730677716,No holiday
2012-06-23,8.646685760348179,No holiday
2012-06-24,9.029712731452593,No holiday
2012-06-25,8.302267138621602,No holiday
2012-06-26,8.265794119353142,No holiday
2012-06-27,8.283554097992129,No holiday
2012-06-28,8.168420442691508,No holiday
2012-06-29,8.236783886491281,No holiday
2012-06-30,8.21912556510755,No holiday
2012-07-01,8.709350715987846,No holiday
2012-07-02,8.635352800106066,No holiday
2012-07-03,8.493968289652097,No holiday
2012-07-04,8.273345041012668,No holiday
2012-07-05,8.133982651317131,Early May bank holiday
2012-07-06,8.300072974826495,No holiday
2012-07-07,8.504266884769326,No holiday
2012-07-08,9.10330038291436,No holiday
2012-07-09,8.562104559495356,No holiday
2012-07-10,8.384434647680832,No holiday
2012-07-11,8.269133294850016,No holiday
2012-07-12,8.293591091316642,No holiday
2012-07-13,8.273924274522036,No holiday
2012-07-14,8.641788888593572,No holiday
2012-07-15,8.662555370931269,No holiday
2012-07-16,8.602308576500919,No holiday
2012-07-17,8.176285634380871,No holiday
2012-07-18,8.294132270890678,No holiday
2012-07-19,8.162998112539249,No holiday
2012-07-20,8.254882950664019,No holiday
2012-07-21,8.165260591626565,No holiday
2012-07-22,8.270529683122895,No holiday
2012-07-23,8.026189095916031,No holiday
2012-07-24,7.949434646660374,No holiday
2012-07-25,8.045413095511508,No holiday
2012-07-26,7.947158739355432,No holiday
2012-07-27,8.248068006727049,No holiday
2012-07-28,8.126672817378257,No holiday
2012-07-29,8.593286431464792,No holiday
2012-07-30,8.110867079639442,No holiday
2012-07-31,8.236934295697376,No holiday
2012-08-01,8.094233462567786,No holiday
2012-08-02,7.986544651767537,No holiday
2012-08-03,8.024431556417378,No holiday
2012-08-04,8.192816714643383,No holiday
2012-08-05,8.698803713064773,No holiday
2012-08-06,8.299830523855483,No holiday
2012-08-07,8.242435776739132,No holiday
2012-08-08,8.039148378353007,No holiday
2012-08-09,8.012545728943618,No holiday
2012-08-10,8.003216360292974,No holiday
2012-08-11,8.065837553960025,No holiday
2012-08-12,8.43828854460513,No holiday
2012-08-13,8.110963145083648,No holiday
2012-08-14,7.932292000370072,No holiday
2012-08-15,8.133274197896768,No holiday
2012-08-16,7.994823654646092,No holiday
2012-08-17,7.8122620112665695,No holiday
2012-08-18,8.049650526729874,No holiday
2012-08-19,8.456844253497694,No holiday
2012-08-20,8.17517521056927,No holiday
2012-08-21,7.973075577321973,No holiday
2012-08-22,7.882707496077179,No holiday
2012-08-23,7.85310425838809,No holiday
2012-08-24,7.9283919861466785,No holiday
2012-08-25,8.161464840344946,No holiday
2012-08-26,8.138481275334525,No holiday
2012-08-27,8.345869373034143,Summer bank holiday
2012-08-28,8.078641249967108,No holiday
2012-08-29,8.333030327994916,No holiday
2012-08-30,8.372270342553067,No holiday
2012-08-31,8.13123187222894,No holiday
2012-09-01,8.332255568838725,No holiday
2012-09-02,9.02925807729286,No holiday
2012-09-03,8.388412386008367,No holiday
2012-09-04,8.366643089217618,Easter Monday
2012-09-05,8.18256021598658,No holiday
2012-09-06,8.100916373742356,No holiday
2012-09-07,8.053827193254103,No holiday
2012-09-08,8.25846154960861,No holiday
2012-09-09,8.622005865623592,No holiday
2012-09-10,8.530217091037049,No holiday
2012-09-11,8.257741600856123,No holiday
2012-09-12,8.306088398438117,No holiday
2012-09-13,8.275206850216511,No holiday
2012-09-14,8.3383540043144,No holiday
2012-09-15,8.422879141301912,No holiday
2012-09-16,9.047033098689742,No holiday
2012-09-17,8.610086240389718,No holiday
2012-09-18,8.528314490450684,No holiday
2012-09-19,8.593007857281425,No holiday
2012-09-20,8.676799586409945,No holiday
2012-09-21,8.845806517020751,No holiday
2012-09-22,9.037522225675884,No holiday
2012-09-23,10.524613589094278,No holiday
2012-09-24,9.68229568473452,No holiday
2012-09-25,9.265247049817814,No holiday
2012-09-26,9.40407029590916,No holiday
2012-09-27,9.306648130993311,No holiday
2012-09-28,9.317650263144518,No holiday
2012-09-29,9.431987722806484,No holiday
2012-09-30,10.197570626400717,No holiday
2012-10-01,9.657111814185564,No holiday
2012-10-02,9.475284597891855,No holiday
2012-10-03,9.455048400166616,No holiday
2012-10-04,9.41281036712298,No holiday
2012-10-05,9.64221347788856,No holiday
2012-10-06,9.643080511621388,No holiday
2012-10-07,10.278261680837373,No holiday
2012-10-08,10.20354581843358,No holiday
2012-10-09,9.719491147561538,No holiday
2012-10-10,9.712611720959512,No holiday
2012-10-11,10.10323244160087,No holiday
2012-10-12,9.707682035566815,No holiday
2012-10-13,10.17459676239998,No holiday
2012-10-14,10.817307200854051,No holiday
2012-10-15,10.29235329289965,No holiday
2012-10-16,9.964258297343717,No holiday
2012-10-17,9.881480191455548,No holiday
2012-10-18,9.728784258578765,No holiday
2012-10-19,10.244401934228549,No holiday
2012-10-20,10.22592797656276,No holiday
2012-10-21,11.04197546252048,No holiday
2012-10-22,10.320315350562929,No holiday
2012-10-23,10.16702285307835,No holiday
2012-10-24,9.87750990205633,No holiday
2012-10-25,10.1562723121437,No holiday
2012-10-26,10.759060813616578,No holiday
2012-10-27,11.404011538413476,No holiday
2012-10-28,12.152032057957802,No holiday
2012-10-29,11.089499412673428,No holiday
2012-10-30,10.884838531755165,No holiday
2012-10-31,10.915976331820245,No holiday
2012-11-01,10.889836224328253,No holiday
2012-11-02,11.124592903637176,No holiday
2012-11-03,11.516337130920048,No holiday
2012-11-04,12.719270987695303,No holiday
2012-11-05,11.475242558777223,No holiday
2012-11-06,11.614187442991042,No holiday
2012-11-07,11.335795632393074,No holiday
2012-11-08,11.078331496360333,No holiday
2012-11-09,11.02361231311917,No holiday
2012-11-10,11.504792598878094,No holiday
2012-11-11,12.108274661564426,No holiday
2012-11-12,11.484062117516576,No holiday
2012-11-13,10.769325594720923,No holiday
2012-11-14,10.76902174839932,No holiday
2012-11-15,11.01014082857102,No holiday
2012-11-16,11.35664205786349,No holiday
2012-11-17,11.579160897938554,No holiday
2012-11-18,12.17764830673325,No holiday
2012-11-19,11.4742855870646,No holiday
2012-11-20,11.17697522092427,No holiday
2012-11-21,11.402981808705931,No holiday
2012-11-22,11.088454525557935,No holiday
2012-11-23,11.10085282298907,No holiday
2012-11-24,12.20600958632885,No holiday
2012-11-25,12.268037358447678,No holiday
2012-11-26,11.58535857995345,No holiday
2012-11-27,11.76797010761927,No holiday
2012-11-28,12.045922754935669,No holiday
2012-11-29,12.14262072259122,No holiday
2012-11-30,12.388923650455126,No holiday
2012-12-01,13.224471547652533,No holiday
2012-12-02,13.79816255031313,No holiday
2012-12-03,12.492541526649308,No holiday
2012-12-04,12.351641876160205,No holiday
2012-12-05,12.831870957226046,No holiday
2012-12-06,13.113665360755157,No holiday
2012-12-07,12.910128745524606,No holiday
2012-12-08,12.883897346257424,No holiday
2012-12-09,13.522436432069057,No holiday
2012-12-10,12.634255809949446,No holiday
2012-12-11,12.882829399620078,No holiday
2012-12-12,13.405514475631112,No holiday
2012-12-13,13.445253814368025,No holiday
2012-12-14,13.18384139783148,No holiday
2012-12-15,12.572811297309702,No holiday
2012-12-16,12.864149001000566,No holiday
2012-12-17,12.02815266411686,No holiday
2012-12-18,12.035947902336655,No holiday
2012-12-19,12.483730133153031,No holiday
2012-12-20,12.341979025354368,No holiday
2012-12-21,11.864411624020873,No holiday
2012-12-22,12.469155614079922,No holiday
2012-12-23,12.032404012371206,No holiday
2012-12-24,12.175571099986112,No holiday
2012-12-25,12.618285719435262,Christmas Day
2012-12-26,11.775752855662024,Boxing Day
2012-12-27,11.935138772265848,No holiday
2012-12-28,11.846331429288828,No holiday
2012-12-29,11.7501105573392,No holiday
2012-12-30,11.977805460608815,No holiday
2012-12-31,11.979141674411206,No holiday
2013-01-01,11.920050376822758,New Years Day
2013-01-02,12.085197947004882,No holiday
2013-01-03,11.469325907589964,No holiday
2013-01-04,11.496001120371597,Easter Monday
2013-01-05,11.80529053499568,No holiday
2013-01-06,12.514984706098383,No holiday
2013-01-07,11.7372617924318,No holiday
2013-01-08,11.309049936822117,No holiday
2013-01-09,11.409838854806209,No holiday
2013-01-10,12.162118434463094,No holiday
2013-01-11,12.208868569454378,No holiday
2013-01-12,13.168413332319943,No holiday
2013-01-13,13.75196208910096,No holiday
2013-01-14,13.283397141479966,No holiday
2013-01-15,13.03991577643346,No holiday
2013-01-16,13.241059828100727,No holiday
2013-01-17,13.37033238389344,No holiday
2013-01-18,14.163164338894632,No holiday
2013-01-19,14.830626083537714,No holiday
2013-01-20,15.14852205781508,No holiday
2013-01-21,13.729649719813128,No holiday
2013-01-22,13.619852978305904,No holiday
2013-01-23,13.43041384444055,No holiday
2013-01-24,13.460166997244375,No holiday
2013-01-25,13.517182583444695,No holiday
2013-01-26,12.942854581850677,No holiday
2013-01-27,13.027638004904846,No holiday
2013-01-28,12.441086129934614,No holiday
2013-01-29,11.723256085741047,No holiday
2013-01-30,11.177474368041825,No holiday
2013-01-31,11.389087420037754,No holiday
2013-02-01,11.691824983967964,No holiday
2013-02-02,12.447715920483496,No holiday
2013-02-03,13.39830987964448,No holiday
2013-02-04,11.69828705874126,No holiday
2013-02-05,12.083803399237064,No holiday
2013-02-06,12.334751600938674,No holiday
2013-02-07,12.319929638749109,No holiday
2013-02-08,12.193947886241885,No holiday
2013-02-09,12.962778548408114,No holiday
2013-02-10,13.689148370337351,No holiday
2013-02-11,13.161681862992484,No holiday
2013-02-12,13.029234923758896,No holiday
2013-02-13,12.79625254703958,No holiday
2013-02-14,12.079079892341577,No holiday
2013-02-15,11.650804679103883,No holiday
2013-02-16,11.649572754037928,No holiday
2013-02-17,12.14411307880892,No holiday
2013-02-18,11.63173734841852,No holiday
2013-02-19,11.477547944247632,No holiday
2013-02-20,11.802206966521814,No holiday
2013-02-21,12.65727849020332,No holiday
2013-02-22,12.934691287108862,No holiday
2013-02-23,13.343357895316108,No holiday
2013-02-24,14.084968245808197,No holiday
2013-02-25,13.13491496212252,No holiday
2013-02-26,12.6462430068285,No holiday
2013-02-27,12.163812335189478,No holiday
2013-02-28,12.086331343277138,No holiday
2013-03-01,12.136911301436498,No holiday
2013-03-02,12.426941862819058,No holiday
2013-03-03,12.817314598080218,No holiday
2013-03-04,11.571168740052295,No holiday
2013-03-05,10.930825936004585,No holiday
2013-03-06,10.750834510473998,No holiday
2013-03-07,10.982418303065051,No holiday
2013-03-08,11.015438270633377,No holiday
2013-03-09,11.656731862507606,No holiday
2013-03-10,12.921935645666109,No holiday
2013-03-11,13.190401097023958,No holiday
2013-03-12,12.935795412519388,No holiday
2013-03-13,12.195500873843166,No holiday
2013-03-14,11.857485497099832,No holiday
2013-03-15,11.677945592541906,No holiday
2013-03-16,12.26863942095313,No holiday
2013-03-17,12.672828557316222,No holiday
2013-03-18,11.888177302721074,No holiday
2013-03-19,11.46376580629571,No holiday
2013-03-20,11.731904258655549,No holiday
2013-03-21,11.577236169287938,No holiday
2013-03-22,12.156197960784548,No holiday
2013-03-23,13.524312958146483,No holiday
2013-03-24,14.262948297337129,No holiday
2013-03-25,13.20079068212203,No holiday
2013-03-26,12.991172876438508,No holiday
2013-03-27,12.58774559497966,No holiday
2013-03-28,12.136138161973587,No holiday
2013-03-29,12.310063398091197,Good Friday
2013-03-30,11.875020657456444,No holiday
2013-03-31,12.017238229682468,No holiday
2013-04-01,12.051562819680518,No holiday
2013-04-02,11.3365744892763,No holiday
2013-04-03,11.995882655279786,No holiday
2013-04-04,12.307162891549671,No holiday
2013-04-05,11.819139161720171,No holiday
2013-04-06,11.177720963611062,No holiday
2013-04-07,11.240524497957365,No holiday
2013-04-08,10.664226796788816,No holiday
2013-04-09,10.973433469630551,No holiday
2013-04-10,10.464800103271328,No holiday
2013-04-11,10.633591633314316,No holiday
2013-04-12,10.459332728218062,No holiday
2013-04-13,10.642964675101933,No holiday
2013-04-14,10.130228916626258,No holiday
2013-04-15,9.392915322368752,No holiday
2013-04-16,9.311297063543453,No holiday
2013-04-17,9.258215825050586,No holiday
2013-04-18,9.338187764069938,No holiday
2013-04-19,9.522356385240618,No holiday
2013-04-20,9.574492360340988,No holiday
2013-04-21,10.084760672790804,No holiday
2013-04-22,9.488090240195964,No holiday
2013-04-23,8.729727185341321,No holiday
2013-04-24,8.567964302676101,No holiday
2013-04-25,8.344463548087578,No holiday
2013-04-26,8.85503914794222,No holiday
2013-04-27,9.588711183918072,No holiday
2013-04-28,10.065456765004036,No holiday
2013-04-29,9.124710688092906,No holiday
2013-04-30,8.908967886365538,No holiday
2013-05-01,8.862933009386673,No holiday
2013-05-02,8.622003882813237,No holiday
2013-05-03,8.45868657632972,No holiday
2013-05-04,8.953239805339194,No holiday
2013-05-05,8.876191462416914,No holiday
2013-05-06,8.72473936770162,No holiday
2013-05-07,8.378572959390612,No holiday
2013-05-08,8.562394812054798,No holiday
2013-05-09,8.771377930597225,No holiday
2013-05-10,8.666393582799001,No holiday
2013-05-11,9.33911873425009,No holiday
2013-05-12,9.875235855718334,No holiday
2013-05-13,8.871482141359884,No holiday
2013-05-14,9.35245060703221,No holiday
2013-05-15,9.311430755355389,No holiday
2013-05-16,8.89504398638595,No holiday
2013-05-17,9.2990609512322,No holiday
2013-05-18,9.225757686150434,No holiday
2013-05-19,9.29186157919697,No holiday
2013-05-20,9.075086975923888,No holiday
2013-05-21,8.82475283199233,No holiday
2013-05-22,8.887694548237675,No holiday
2013-05-23,8.950838740677998,No holiday
2013-05-24,9.63271438853102,No holiday
2013-05-25,8.985412678234843,No holiday
2013-05-26,8.64667049056897,No holiday
2013-05-27,8.61927967661903,Spring bank holiday
2013-05-28,9.047772120145163,No holiday
2013-05-29,9.167855269062208,No holiday
2013-05-30,9.107747923624048,No holiday
2013-05-31,8.494004882513817,No holiday
2013-06-01,8.530994364337667,No holiday
2013-06-02,8.795362209661242,No holiday
2013-06-03,8.174469131345065,No holiday
2013-06-04,8.084936962542438,No holiday
2013-06-05,8.07268207169762,Early May bank holiday
2013-06-06,8.041277949791471,No holiday
2013-06-07,8.126826968772603,No holiday
2013-06-08,8.348941360209864,No holiday
2013-06-09,9.22488798573905,No holiday
2013-06-10,8.641609478620039,No holiday
2013-06-11,8.522928104774294,No holiday
2013-06-12,8.73114455231163,No holiday
2013-06-13,8.60410818637753,No holiday
2013-06-14,8.26409119456086,No holiday
2013-06-15,8.70871347664252,No holiday
2013-06-16,8.894040732950415,No holiday
2013-06-17,8.287293755384537,No holiday
2013-06-18,8.268277780980991,No holiday
2013-06-19,8.085595632146047,No holiday
2013-06-20,8.258751103970841,No holiday
2013-06-21,8.152920640645421,No holiday
2013-06-22,8.477679009514016,No holiday
2013-06-23,9.085635288938663,No holiday
2013-06-24,8.474652297403566,No holiday
2013-06-25,8.084761777162838,No holiday
2013-06-26,8.0917334108568,No holiday
2013-06-27,8.162345737170364,No holiday
2013-06-28,8.362883314740298,No holiday
2013-06-29,8.16953099128828,No holiday
2013-06-30,8.518636552943164,No holiday
2013-07-01,8.170792116613242,No holiday
2013-07-02,8.31046907532285,No holiday
2013-07-03,8.268815390434966,No holiday
2013-07-04,8.0992505480018,No holiday
2013-07-05,8.052869903580893,No holiday
2013-07-06,8.055737279987413,No holiday
2013-07-07,8.39437410959026,No holiday
2013-07-08,8.031048948200347,No holiday
2013-07-09,7.92222473819605,No holiday
2013-07-10,7.914188232887257,No holiday
2013-07-11,7.836884372292751,No holiday
2013-07-12,7.877004129358276,No holiday
2013-07-13,8.00098173958711,No holiday
2013-07-14,8.397622290381388,No holiday
2013-07-15,8.125933165315422,No holiday
2013-07-16,8.086218586548705,No holiday
2013-07-17,8.133099719032321,No holiday
2013-07-18,8.055637065245703,No holiday
2013-07-19,7.938868822793185,No holiday
2013-07-20,8.080114584738261,No holiday
2013-07-21,8.265440852012878,No holiday
2013-07-22,8.240109414232736,No holiday
2013-07-23,8.280296950486008,No holiday
2013-07-24,7.93506945117004,No holiday
2013-07-25,8.03531306731568,No holiday
2013-07-26,7.8604301277144,No holiday
2013-07-27,8.141041536062373,No holiday
2013-07-28,8.251523187664334,No holiday
2013-07-29,7.962728851027172,No holiday
2013-07-30,8.05161569337852,No holiday
2013-07-31,8.02467717717449,No holiday
2013-08-01,7.978924704123516,No holiday
2013-08-02,8.04998371965486,No holiday
2013-08-03,7.801110067662044,No holiday
2013-08-04,8.142570859917658,No holiday
2013-08-05,8.069885973545805,No holiday
2013-08-06,7.784799892649646,No holiday
2013-08-07,7.694874060316152,No holiday
2013-08-08,7.737262239586562,No holiday
2013-08-09,7.775394953526233,No holiday
2013-08-10,7.781706520639781,No holiday
2013-08-11,8.096186794354134,No holiday
2013-08-12,7.850240290526869,No holiday
2013-08-13,7.8033738691477055,No holiday
2013-08-14,7.781274921791221,No holiday
2013-08-15,7.874199033315039,No holiday
2013-08-16,7.947651678479988,No holiday
2013-08-17,8.090241947495231,No holiday
2013-08-18,8.263295369108032,No holiday
2013-08-19,7.8831344009893,No holiday
2013-08-20,7.71572115442046,No holiday
2013-08-21,7.74331239446793,No holiday
2013-08-22,8.116456024337301,No holiday
2013-08-23,7.887858400451768,No holiday
2013-08-24,8.33186903808618,No holiday
2013-08-25,8.186298025156068,No holiday
2013-08-26,8.067132454167822,Summer bank holiday
2013-08-27,7.94435693668421,No holiday
2013-08-28,7.867226631953239,No holiday
2013-08-29,7.805332751290458,No holiday
2013-08-30,7.9106825274192465,No holiday
2013-08-31,7.999041542705826,No holiday
2013-09-01,8.499772845962717,No holiday
2013-09-02,8.105241860120707,No holiday
2013-09-03,8.100544630412795,No holiday
2013-09-04,8.09961965181833,No holiday
2013-09-05,8.153627439302461,No holiday
2013-09-06,8.374625382703547,No holiday
2013-09-07,8.382437805729083,No holiday
2013-09-08,8.910507753095963,No holiday
2013-09-09,8.867772438102795,No holiday
2013-09-10,8.784785831500834,No holiday
2013-09-11,8.92375381614034,No holiday
2013-09-12,8.633626886061474,No holiday
2013-09-13,8.910409223688184,No holiday
2013-09-14,9.381387319092862,No holiday
2013-09-15,9.958995765180871,No holiday
2013-09-16,9.018382171695048,No holiday
2013-09-17,9.29378476519073,No holiday
2013-09-18,8.949502142534525,No holiday
2013-09-19,9.184167276474374,No holiday
2013-09-20,8.887557619733023,No holiday
2013-09-21,9.120769009903212,No holiday
2013-09-22,9.595257594642309,No holiday
2013-09-23,8.893450495174289,No holiday
2013-09-24,8.591785203437647,No holiday
2013-09-25,8.62117187485445,No holiday
2013-09-26,8.562038745709673,No holiday
2013-09-27,8.594709382046034,No holiday
2013-09-28,9.066592280434929,No holiday
2013-09-29,9.500745775896013,No holiday
2013-09-30,8.922278576552559,No holiday
2013-10-01,8.988373213373217,No holiday
2013-10-02,8.992726608066313,No holiday
2013-10-03,8.945602240837482,No holiday
2013-10-04,8.776952040483145,No holiday
2013-10-05,9.220391652098614,No holiday
2013-10-06,9.455311061328477,No holiday
2013-10-07,9.023387192236047,No holiday
2013-10-08,8.841236424701087,No holiday
2013-10-09,9.003153579531883,No holiday
2013-10-10,9.357941335630343,No holiday
2013-10-11,9.945894759463108,No holiday
2013-10-12,9.672023827024285,No holiday
2013-10-13,11.034076302743156,No holiday
2013-10-14,10.113249368741611,No holiday
2013-10-15,9.71165676754942,No holiday
2013-10-16,10.054000812137607,No holiday
2013-10-17,9.551657509413657,No holiday
2013-10-18,9.43917376117598,No holiday
2013-10-19,9.705444505861172,No holiday
2013-10-20,10.252402058856962,No holiday
2013-10-21,9.5516755766735,No holiday
2013-10-22,9.377805200856177,No holiday
2013-10-23,9.247182237727015,No holiday
2013-10-24,9.285851322267304,No holiday
2013-10-25,9.258087722304651,No holiday
2013-10-26,9.709635511913405,No holiday
2013-10-27,10.250718362104772,No holiday
2013-10-28,9.978104731990676,No holiday
2013-10-29,9.999541785576907,No holiday
2013-10-30,10.024595650510877,No holiday
2013-10-31,10.077347553572055,No holiday
2013-11-01,9.903886043561943,No holiday
2013-11-02,10.06358440371344,No holiday
2013-11-03,11.126542775726591,No holiday
2013-11-04,10.422336574006415,No holiday
2013-11-05,10.799370948575216,No holiday
2013-11-06,10.567220214007198,No holiday
2013-11-07,10.206822262338138,No holiday
2013-11-08,10.615947582765218,No holiday
2013-11-09,11.393028641842823,No holiday
2013-11-10,11.645156243048165,No holiday
2013-11-11,11.097104784979225,No holiday
2013-11-12,10.50179402461847,No holiday
2013-11-13,10.77880448867402,No holiday
2013-11-14,10.752984208764728,No holiday
2013-11-15,10.880956074781356,No holiday
2013-11-16,11.390461800738324,No holiday
2013-11-17,11.967907010719614,No holiday
2013-11-18,11.132183831012153,No holiday
2013-11-19,11.178694388242793,No holiday
2013-11-20,11.911879107391975,No holiday
2013-11-21,11.716616355765003,No holiday
2013-11-22,11.601167442105409,No holiday
2013-11-23,11.897451594061694,No holiday
2013-11-24,12.53309235597151,No holiday
2013-11-25,11.649167370962608,No holiday
2013-11-26,11.516941389549489,No holiday
2013-11-27,11.3853821370548,No holiday
2013-11-28,11.132067159342425,No holiday
2013-11-29,11.081137425693337,No holiday
2013-11-30,11.613345873990248,No holiday
2013-12-01,12.347585916795497,No holiday
2013-12-02,11.329890527831951,No holiday
2013-12-03,11.51782405300213,No holiday
2013-12-04,11.465578567183735,No holiday
2013-12-05,11.923504175378485,No holiday
2013-12-06,11.703752110176431,No holiday
2013-12-07,12.052532602061664,No holiday
2013-12-08,12.192312880631684,No holiday
2013-12-09,11.324923271134123,No holiday
2013-12-10,11.482450220426529,No holiday
2013-12-11,11.806877801845925,No holiday
2013-12-12,11.747635673122758,No holiday
2013-12-13,11.48090408427085,No holiday
2013-12-14,11.84917464405344,No holiday
2013-12-15,12.380804810029549,No holiday
2013-12-16,11.253248713507723,No holiday
2013-12-17,11.455755035277882,No holiday
2013-12-18,11.391513171386098,No holiday
2013-12-19,11.53257746198978,No holiday
2013-12-20,11.564100156022407,No holiday
2013-12-21,12.212313968996684,No holiday
2013-12-22,12.01423600372778,No holiday
2013-12-23,12.122012372255032,No holiday
2013-12-24,12.068193233157311,No holiday
2013-12-25,12.663740059301768,Christmas Day
2013-12-26,11.758677634099936,Boxing Day
2013-12-27,11.732917490044734,No holiday
2013-12-28,11.454707111300738,No holiday
2013-12-29,12.061997043387947,No holiday
2013-12-30,11.907792877553414,No holiday
2013-12-31,11.999018339648456,No holiday
2014-01-01,12.405560983466458,New Years Day
2014-01-02,11.296927556299536,No holiday
2014-01-03,11.560631091287402,No holiday
2014-01-04,12.102002500249284,No holiday
2014-01-05,12.725556040691709,No holiday
2014-01-06,11.505748774666008,No holiday
2014-01-07,11.362483094638444,No holiday
2014-01-08,11.132740375285165,No holiday
2014-01-09,11.21472236151597,No holiday
2014-01-10,11.35728093778638,No holiday
2014-01-11,11.638843422584433,No holiday
2014-01-12,12.889277926794325,No holiday
2014-01-13,11.474143403004335,No holiday
2014-01-14,11.441067139334248,No holiday
2014-01-15,11.299112270182556,No holiday
2014-01-16,11.063918986146009,No holiday
2014-01-17,11.264572941257413,No holiday
2014-01-18,11.686174793682833,No holiday
2014-01-19,12.057083386049191,No holiday
2014-01-20,11.546530874525208,No holiday
2014-01-21,11.464271825593832,No holiday
2014-01-22,11.21124470506793,No holiday
2014-01-23,11.397394603558311,No holiday
2014-01-24,11.480780208388683,No holiday
2014-01-25,11.710254287324368,No holiday
2014-01-26,12.820722471193616,No holiday
2014-01-27,11.855292834328464,No holiday
2014-01-28,11.42794341349752,No holiday
2014-01-29,11.8977407804617,No holiday
2014-01-30,11.77729152588944,No holiday
2014-01-31,11.946142838640563,No holiday
2014-02-01,11.837932001110802,No holiday
2014-02-02,12.1832366980277,No holiday
2014-02-03,11.375466277801662,No holiday
2014-02-04,11.202159387202087,No holiday
2014-02-05,11.4911563485417,No holiday
2014-02-06,11.550380096417893,No holiday
2014-02-07,11.078825888772307,No holiday
2014-02-08,11.663271703446034,No holiday
2014-02-09,12.307686397255782,No holiday
2014-02-10,11.3536040513289,No holiday
2014-02-11,11.538847810361434,No holiday
2014-02-12,11.77944483493546,No holiday
2014-02-13,11.358652832623196,No holiday
2014-02-14,11.959191995505853,No holiday
2014-02-15,11.580389665905477,No holiday
2014-02-16,11.683883565697789,No holiday
2014-02-17,11.085197252406552,No holiday
2014-02-18,10.875145352842765,No holiday
2014-02-19,10.763529087281988,No holiday
2014-02-20,10.663241703317782,No holiday
2014-02-21,10.590853932187592,No holiday
2014-02-22,10.897788431257394,No holiday
2014-02-23,11.577303529256232,No holiday
2014-02-24,10.486946447308515,No holiday
2014-02-25,10.391453083849514,No holiday
2014-02-26,10.291913320535151,No holiday
2014-02-27,10.436901191312147,No holiday
2014-02-28,0.2094592385489336,No holiday
